True Binding Energy,Predicted Binding Energy
40.59,38.48995
38.32,38.44546
36.87,37.359444
36.83,38.06574
35.97,35.34247
29.99,34.21253
21.46,21.204367
20.47,20.17317
20.34,20.794184
18.8,20.292482
16.57,15.505078
15.87,15.638337
15.63,15.178831
14.79,15.252057
13.66,13.722052
13.4,14.165153
13.11,13.028153
12.26,12.475236
12.13,12.949695
11.81,11.768258
11.78,11.03268
9.58,9.550702
9.38,8.335557
7.0,7.0916405
