{"val_f5_mae": 0.5021441578865051, "val_f5_rmse": 0.7612797617912292, "val_f1tof4_w_ae1_latent_mae": 0.16344304382801056, "val_f1tof4_w_ae1_latent_rmse": 0.27871793508529663, "total_val_loss": 0.6655871272087097, "epoch": 557, "trainer/global_step": 8927, "_timestamp": 1707424959.638438, "_runtime": 61.980952978134155, "_step": 1115, "train_f5_mae": 0.502900242805481, "train_f5_rmse": 0.7403392791748047, "train_f1tof4_w_ae1_latent_mae": 0.15112589299678802, "train_f1tof4_w_ae1_latent_rmse": 0.25962263345718384, "total_train_loss": 0.7295975685119629, "l1_weight_loss": 0.07557152211666107, "l2_weight_loss": 0.0, "l1_bias_loss": 0.0, "l2_bias_loss": 0.0, "_wandb": {"runtime": 61}}