True Bandgaps,Predicted Bandgaps
1.942,1.9221377
2.611,2.6188703
1.79,1.7081214
1.79,1.7738626
2.551,2.5514781
1.973,1.9860221
1.482,1.451299
1.52,1.5118531
1.52,1.5827994
1.87,1.9179938
1.95,1.9154582
