True Binding Energy,Predicted Binding Energy
7.51,7.2775307
20.71,21.227211
34.31,38.297073
17.68,18.149612
21.91,21.063175
18.8,18.809183
18.34,21.560867
37.68,38.289062
9.01,5.2641544
16.99,17.649778
11.75,12.804534
